"SourceRun","FullName","Extension","Bytes","MiB","SHA256"
"music_video_30s_cell_vectors_20260518","D:\arc_solver_clean\cod_616\data\truevision_full\music_video_30s_cell_vectors_20260518\music_video_30s_cell_vectors_20260518_manifest.json",".json","6994","0.00667","4C4360DAE35DE0E7A59A20BBD9B3CB2F96404F09FCD80E387933476EA2C8F2AF"
"music_video_30s_cell_vectors_20260518","D:\arc_solver_clean\cod_616\data\truevision_full\music_video_30s_cell_vectors_20260518\music_video_30s_cell_vectors_20260518_records.jsonl",".jsonl","2227637","2.12444","5D2C504CF00E4F2395A6A87B676FC046FEE23AFBA5D5188E42E4F4A8F0C73027"
"music_video_30s_cell_vectors_20260518","D:\arc_solver_clean\cod_616\data\truevision_full\music_video_30s_cell_vectors_20260518\music_video_30s_cell_vectors_20260518_summary.json",".json","3798","0.003622","1CE59A7441D2C676908F83918F6EF7DCE5DFE1C4A021A8DD679EBFD79360CD7A"
"music_video_30s_cell_vectors_20260518","D:\arc_solver_clean\cod_616\data\truevision_full\music_video_30s_cell_vectors_20260518\cell_state_npz\music_video_30s_cell_vectors_20260518_cells_0000.npz",".npz","9700402","9.251024","000ADF15549FCF04D2E56AEDAEED8E539BF50D3BA3EDC0391A0114A42A03990E"
"music_video_30s_cell_vectors_20260518","D:\arc_solver_clean\cod_616\data\truevision_full\music_video_30s_cell_vectors_20260518\cell_state_npz\music_video_30s_cell_vectors_20260518_cells_0001.npz",".npz","8370812","7.983028","16896BFD1F9659C5B91294E6900F6529F7C3F9AD2E06B3F7C8B68AD1D3B11BEE"
"music_video_30s_cell_vectors_20260518","D:\arc_solver_clean\cod_616\data\truevision_full\music_video_30s_cell_vectors_20260518\cell_state_npz\music_video_30s_cell_vectors_20260518_cells_0002.npz",".npz","7679337","7.323586","E5E10FBB282E74C3BC23B5322F932F2F0848B497B58031613E6B1461ABDFC6E7"
"music_video_30s_cell_vectors_20260518","D:\arc_solver_clean\cod_616\data\truevision_full\music_video_30s_cell_vectors_20260518\cell_state_npz\music_video_30s_cell_vectors_20260518_cells_0003.npz",".npz","5753615","5.487075","4272FC141D35D49B56461A7616A634C77A6CCE2AE53E8CA3E68AAE6E3476B69B"
"music_video_30s_cell_vectors_20260518","D:\arc_solver_clean\cod_616\data\truevision_full\music_video_30s_cell_vectors_20260518\cell_state_npz\music_video_30s_cell_vectors_20260518_cells_0004.npz",".npz","7583171","7.231875","FBE1D4A8D110DB5908C8A25A043DDA57C08B36A5A8CE11396EA66C25BEA59C5C"
"music_video_30s_cell_vectors_20260518","D:\arc_solver_clean\cod_616\data\truevision_full\music_video_30s_cell_vectors_20260518\cell_state_npz\music_video_30s_cell_vectors_20260518_cells_0005.npz",".npz","5814509","5.545148","B068FF3F8DD6093B5EAA934644A2483CD94FC675C6C0D3AF8896E49913D81A57"
"music_video_30s_cell_vectors_20260518","D:\arc_solver_clean\cod_616\data\truevision_full\music_video_30s_cell_vectors_20260518\cell_state_npz\music_video_30s_cell_vectors_20260518_cells_0006.npz",".npz","442457","0.42196","07F587EA5DCF511DB7E0A3C1111AFC376D032F7C6C036EBCD644C8F052A9DA97"
"music_video_30s_cell_vectors_20260518","D:\arc_solver_clean\cod_616\data\truevision_full\music_video_30s_cell_vectors_20260518\cell_state_npz\music_video_30s_cell_vectors_20260518_cells_0007.npz",".npz","2776274","2.647661","AFE2738CD1DDD07E941553FD6363B7C605C4035A51CBC7FC6256772AA02C2356"
"music_video_30s_cell_vectors_20260518","D:\arc_solver_clean\cod_616\data\truevision_full\music_video_30s_cell_vectors_20260518\cell_state_npz\music_video_30s_cell_vectors_20260518_cells_0008.npz",".npz","525110","0.500784","B060DB22835A9ED479F0A18D7F857E3013E54D73065B00A214D68494FC6AC0B8"
"music_video_30s_cell_vectors_20260518","D:\arc_solver_clean\cod_616\data\truevision_full\music_video_30s_cell_vectors_20260518\replay\music_video_30s_cell_vectors_20260518_cell_rgb_replay_lossless_ffv1.mkv",".mkv","4002493","3.817075","924E15B28341832DF05E24A2EB3D1675F76AB59EE839BE3B3F737DBEDDE13AD6"
"music_video_30s_cell_vectors_20260518","D:\arc_solver_clean\cod_616\data\truevision_full\music_video_30s_cell_vectors_20260518\replay\music_video_30s_cell_vectors_20260518_cell_rgb_replay_preview_mp4v.mp4",".mp4","1612232","1.537544","34DE6790BCF88FF4CD992379742ABE6285DC78869F7DA358881041C0E83108FF"
"music_video_30s_cell_vectors_20260518","D:\arc_solver_clean\cod_616\data\truevision_full\music_video_30s_cell_vectors_20260518\replay\music_video_30s_cell_vectors_20260518_replay_report.json",".json","3145","0.002999","95302A2B8A40688226B2372C34BE536544BE1159E21FA671764356534EBA27B1"
"person_field_walk_5s_state_media","D:\arc_solver_clean\cod_616\data\truevision_generated\person_field_walk_5s_state_media\person_field_walk_5s_state_media_formula_report.md",".md","2902","0.002768","AE42418E625752C3005E4875AC9FB6416797135FE4ABC99287A0858C0A3767B6"
"person_field_walk_5s_state_media","D:\arc_solver_clean\cod_616\data\truevision_generated\person_field_walk_5s_state_media\person_field_walk_5s_state_media_manifest.json",".json","3395","0.003238","52DA2F533F8B19EB3522C9761A95025C237391F36B150A7455A171ECCB49B5BE"
"person_field_walk_5s_state_media","D:\arc_solver_clean\cod_616\data\truevision_generated\person_field_walk_5s_state_media\person_field_walk_5s_state_media_records.jsonl",".jsonl","334115","0.318637","6F4DDD39CAFBC17BB96341AFFDB073449A22C9685BE8CAA0F36D1342EF2195E7"
"person_field_walk_5s_state_media","D:\arc_solver_clean\cod_616\data\truevision_generated\person_field_walk_5s_state_media\person_field_walk_5s_state_media_summary.json",".json","2199","0.002097","93A29105B53BCF6B2F7F3F378D2029F532F87EFC37A8FF44E3F696B34DC7716B"
"person_field_walk_5s_state_media","D:\arc_solver_clean\cod_616\data\truevision_generated\person_field_walk_5s_state_media\cell_state_npz\person_field_walk_5s_state_media_cells_0000.npz",".npz","1085680","1.035385","8D4F86668C2C8E6413B79E3167E81E6B3E37976BC3D11A1F271E8D06B92B80FE"
"person_field_walk_5s_state_media","D:\arc_solver_clean\cod_616\data\truevision_generated\person_field_walk_5s_state_media\cell_state_npz\person_field_walk_5s_state_media_cells_0001.npz",".npz","548173","0.522779","3ABFC8D1C0BEBA1C0AF343271EDFDB247BEB581222CA76EEB8F69A09B401F1BF"
"person_field_walk_5s_state_media","D:\arc_solver_clean\cod_616\data\truevision_generated\person_field_walk_5s_state_media\replay\person_field_walk_5s_state_media_cell_rgb_replay_lossless_ffv1.mkv",".mkv","1412463","1.34703","2C63B7E35592AC96B0BCFE8D15B4B946AE91A366DB678998EE16CFDB931ECF99"
"person_field_walk_5s_state_media","D:\arc_solver_clean\cod_616\data\truevision_generated\person_field_walk_5s_state_media\replay\person_field_walk_5s_state_media_cell_rgb_replay_preview_mp4v.mp4",".mp4","154741","0.147573","A771F418E1AB97026D43ADD1632CAD82E6B873E16708B53AA3B439767CDFDE32"
"person_field_walk_5s_state_media","D:\arc_solver_clean\cod_616\data\truevision_generated\person_field_walk_5s_state_media\replay\person_field_walk_5s_state_media_replay_report.json",".json","2973","0.002835","2C07605D678621EA9D6D834F64AF32767243CBC01CAB48A4C52C2AC26B131AA4"
"person_field_clean_frame_full_power","D:\arc_solver_clean\cod_616\data\truevision_generated\person_field_clean_frame_full_power\person_field_clean_frame_full_power_cell_state.npz",".npz","415133","0.395902","5A899789047415D2EDE067743AFD933B155285ED7C3088AE902F7706AC9E431A"
"person_field_clean_frame_full_power","D:\arc_solver_clean\cod_616\data\truevision_generated\person_field_clean_frame_full_power\person_field_clean_frame_full_power_manifest.json",".json","2801","0.002671","9654644776E623B488DE7DA340C5674E7B9C767C637788897A9DF6104C67D7BB"
"person_field_clean_frame_full_power","D:\arc_solver_clean\cod_616\data\truevision_generated\person_field_clean_frame_full_power\person_field_clean_frame_full_power_report.md",".md","2020","0.001926","92B95F5FC3FA3847C9EAF65C4F4B8E9667764CC381300B66A8AA14ADB42C41AA"
"person_field_clean_frame_full_power","D:\arc_solver_clean\cod_616\data\truevision_generated\person_field_clean_frame_full_power\person_field_clean_frame_full_power_source_reference.png",".png","411232","0.392181","61A78ACA8DDB9A6EE8D041F8A2A36A8318D91CCA80860B44EF909151C173021E"
"person_field_clean_frame_full_power","D:\arc_solver_clean\cod_616\data\truevision_generated\person_field_clean_frame_full_power\person_field_clean_frame_full_power_state_full_power.png",".png","379356","0.361782","53B6660148A131D9F96128E23BCF0C45C335F07C47530D4FC862AEC699693AD5"
"fps_baseline_10s_pre_vector","D:\arc_solver_clean\cod_616\data\truevision_full\fps_baseline_10s_pre_vector\fps_baseline_10s_pre_vector_manifest.json",".json","3921","0.003739","2D90C451D8E2B7E45D39ED86BB81202CC77C74E4051749F65D18733045CA4C9A"
"fps_baseline_10s_pre_vector","D:\arc_solver_clean\cod_616\data\truevision_full\fps_baseline_10s_pre_vector\fps_baseline_10s_pre_vector_records.jsonl",".jsonl","513221","0.489446","D45231644EDAE89F1CDD8F08CA916E6B5619A8C91FA7B3173485E94701D837E8"
"fps_baseline_10s_pre_vector","D:\arc_solver_clean\cod_616\data\truevision_full\fps_baseline_10s_pre_vector\fps_baseline_10s_pre_vector_summary.json",".json","3755","0.003581","61B60F537C52588DAEFDC2A86FBD74731B8A3C5326EFB1CA80E5525C123BE3E3"
"fps_baseline_10s_pre_vector","D:\arc_solver_clean\cod_616\data\truevision_full\fps_baseline_10s_pre_vector\cell_state_npz\fps_baseline_10s_pre_vector_cells_0000.npz",".npz","6358539","6.063975","D20FA3D0FB6154181960BB15931C8394043C063CEDA0867B837D1F94E8E081A4"
"fps_baseline_10s_pre_vector","D:\arc_solver_clean\cod_616\data\truevision_full\fps_baseline_10s_pre_vector\cell_state_npz\fps_baseline_10s_pre_vector_cells_0001.npz",".npz","6359696","6.065079","2181D2725F903E3118E8CA08BDE2B6513E63AB235295A1334B345C10FF3EF79A"
"fps_baseline_10s_pre_vector","D:\arc_solver_clean\cod_616\data\truevision_full\fps_baseline_10s_pre_vector\cell_state_npz\fps_baseline_10s_pre_vector_cells_0002.npz",".npz","5300379","5.054835","DBCE33DA99D10176E1B3694E1A3CFE8CDF67C8A88BBBF965E45D47982B47DAFF"
"fps_vector_grid_10s","D:\arc_solver_clean\cod_616\data\truevision_full\fps_vector_grid_10s\fps_vector_grid_10s_manifest.json",".json","4291","0.004092","14A571CF3FCA7E74CB73BDC28A5FDCE2336E2A0792FFC690EF8C353568862F7D"
"fps_vector_grid_10s","D:\arc_solver_clean\cod_616\data\truevision_full\fps_vector_grid_10s\fps_vector_grid_10s_records.jsonl",".jsonl","653017","0.622766","F0DBE5B5AA3FE0EF8E0115CAD27FB599FA16B85219B40EC57F410CD1B07EA806"
"fps_vector_grid_10s","D:\arc_solver_clean\cod_616\data\truevision_full\fps_vector_grid_10s\fps_vector_grid_10s_summary.json",".json","3764","0.00359","F7387DE303CA94B962B421D0ADAF99824EACA12AA80C42B0D344C8B11ABB5816"
"fps_vector_grid_10s","D:\arc_solver_clean\cod_616\data\truevision_full\fps_vector_grid_10s\cell_state_npz\fps_vector_grid_10s_cells_0000.npz",".npz","6687530","6.377726","30C0C5581DDACB8EDCE7E416B81D6D06F2AB9394391AC7DE6647EA507939AF59"
"fps_vector_grid_10s","D:\arc_solver_clean\cod_616\data\truevision_full\fps_vector_grid_10s\cell_state_npz\fps_vector_grid_10s_cells_0001.npz",".npz","6689231","6.379348","1BDC2D0AA1A6FA06F9C4B6A91B134495A7CC76727681DF017D82D0C23A5F7822"
"fps_vector_grid_10s","D:\arc_solver_clean\cod_616\data\truevision_full\fps_vector_grid_10s\cell_state_npz\fps_vector_grid_10s_cells_0002.npz",".npz","6690084","6.380161","D18E0DDF3E7845D53116BA841B5862AB7974B379A7B130C9F1411F1A5C46EB46"
"fps_vector_grid_10s","D:\arc_solver_clean\cod_616\data\truevision_full\fps_vector_grid_10s\cell_state_npz\fps_vector_grid_10s_cells_0003.npz",".npz","4459934","4.253325","43587A872B2D3F52D0DD633F49B41CA7FE8BC2F98E7550833DA2D2B305198F03"
"fps_vector_grid_center_crop_10s","D:\arc_solver_clean\cod_616\data\truevision_full\fps_vector_grid_center_crop_10s\fps_vector_grid_center_crop_10s_manifest.json",".json","4981","0.00475","CC9A6AEDDA3ACC4A4CD8D5859EF220794F4E6CE104924D8DB64FA45D29AFEEB0"
"fps_vector_grid_center_crop_10s","D:\arc_solver_clean\cod_616\data\truevision_full\fps_vector_grid_center_crop_10s\fps_vector_grid_center_crop_10s_records.jsonl",".jsonl","731044","0.697178","C11907CD9572E4457FB9D492DA09612FC0BEF6172618FAAE81B92C29469E8297"
"fps_vector_grid_center_crop_10s","D:\arc_solver_clean\cod_616\data\truevision_full\fps_vector_grid_center_crop_10s\fps_vector_grid_center_crop_10s_summary.json",".json","3403","0.003245","D9B100D605D73CD6EA7A80D36EA4A6E73C616B518838E817FA86FACC3C5640DF"
"fps_vector_grid_center_crop_10s","D:\arc_solver_clean\cod_616\data\truevision_full\fps_vector_grid_center_crop_10s\cell_state_npz\fps_vector_grid_center_crop_10s_cells_0000.npz",".npz","4886233","4.659875","98BA3CDB09F29BE256E984AE2366EE1A391F2588C99388A3A27669EA1B667755"
"fps_vector_grid_center_crop_10s","D:\arc_solver_clean\cod_616\data\truevision_full\fps_vector_grid_center_crop_10s\cell_state_npz\fps_vector_grid_center_crop_10s_cells_0001.npz",".npz","4886229","4.659871","95F3AAF136513DE6B67A3DFE624123797FC85B4B0A0E1CC960840ADA51ADE7CF"
"fps_vector_grid_center_crop_10s","D:\arc_solver_clean\cod_616\data\truevision_full\fps_vector_grid_center_crop_10s\cell_state_npz\fps_vector_grid_center_crop_10s_cells_0002.npz",".npz","4886232","4.659874","8976ACCF81728D6CA75AD6F0F3266813893BFA6E685CF42E8EF545FA449A68E5"
"fps_vector_grid_center_crop_10s","D:\arc_solver_clean\cod_616\data\truevision_full\fps_vector_grid_center_crop_10s\cell_state_npz\fps_vector_grid_center_crop_10s_cells_0003.npz",".npz","4886228","4.65987","01D8A9AA10803DFAF5EEA5CE8535D23D47FDDCEEC53E1A2614D6F2B65CB18A1E"
"fps_vector_grid_center_crop_10s","D:\arc_solver_clean\cod_616\data\truevision_full\fps_vector_grid_center_crop_10s\cell_state_npz\fps_vector_grid_center_crop_10s_cells_0004.npz",".npz","1792130","1.709108","534074F72A2E1BB423854091E9E635CFE56D3B7572A646F2B1AF39A51AF1F47E"
